{"datasource": "Oyz's Idioms", "words": ["act", "out"], "label": "MWE"}
{"datasource": "Oyz's Idioms", "words": ["act", "up"], "label": "MWE"}
{"datasource": "Oyz's Idioms", "words": ["as", "is"], "label": "MWE"}
{"datasource": "Oyz's Idioms", "words": ["as", "it", "were"], "label": "MWE"}
{"datasource": "Oyz's Idioms", "words": ["beside", "_oneself_"], "label": "MWE"}
{"datasource": "Oyz's Idioms", "words": ["bring", "forth"], "label": "MWE"}
{"datasource": "Oyz's Idioms", "words": ["bring", "forward"], "label": "MWE"}
{"datasource": "Oyz's Idioms", "words": ["bring", "home"], "label": "MWE"}
{"datasource": "Oyz's Idioms", "words": ["bring", "to", "account"], "label": "MWE"}
{"datasource": "Oyz's Idioms", "words": ["bring", "to", "bear"], "label": "MWE"}
{"datasource": "Oyz's Idioms", "words": ["bring", "to", "book"], "label": "MWE"}
{"datasource": "Oyz's Idioms", "words": ["bring", "to", "light"], "label": "MWE"}
{"datasource": "Oyz's Idioms", "words": ["bring", "to", "mind"], "label": "MWE"}
{"datasource": "Oyz's Idioms", "words": ["bring", "to", "terms"], "label": "MWE"}
{"datasource": "Oyz's Idioms", "words": ["bring", "up", "the", "rear"], "label": "MWE"}
{"datasource": "Oyz's Idioms", "words": ["bring", "about"], "label": "MWE"}
{"datasource": "Oyz's Idioms", "words": ["bring", "around"], "label": "MWE"}
{"datasource": "Oyz's Idioms", "words": ["bring", "down"], "label": "MWE"}
{"datasource": "Oyz's Idioms", "words": ["bring", "down", "the", "house"], "label": "MWE"}
{"datasource": "Oyz's Idioms", "words": ["bring", "in"], "label": "MWE"}
{"datasource": "Oyz's Idioms", "words": ["bring", "off"], "label": "MWE"}
{"datasource": "Oyz's Idioms", "words": ["bring", "on"], "label": "MWE"}
{"datasource": "Oyz's Idioms", "words": ["bring", "out"], "label": "MWE"}
{"datasource": "Oyz's Idioms", "words": ["bring", "to"], "label": "MWE"}
{"datasource": "Oyz's Idioms", "words": ["bring", "up"], "label": "MWE"}
{"datasource": "Oyz's Idioms", "words": ["call", "a", "spade", "a", "spade"], "label": "MWE"}
{"datasource": "Oyz's Idioms", "words": ["call", "for"], "label": "MWE"}
{"datasource": "Oyz's Idioms", "words": ["call", "forth"], "label": "MWE"}
{"datasource": "Oyz's Idioms", "words": ["call", "in", "question"], "label": "MWE"}
{"datasource": "Oyz's Idioms", "words": ["call", "it", "a", "day"], "label": "MWE"}
{"datasource": "Oyz's Idioms", "words": ["call", "it", "quits"], "label": "MWE"}
{"datasource": "Oyz's Idioms", "words": ["call", "names"], "label": "MWE"}
{"datasource": "Oyz's Idioms", "words": ["call", "on"], "label": "MWE"}
{"datasource": "Oyz's Idioms", "words": ["call", "_one's_", "bluff"], "label": "MWE"}
{"datasource": "Oyz's Idioms", "words": ["call", "the", "shots"], "label": "MWE"}
{"datasource": "Oyz's Idioms", "words": ["call", "the", "tune"], "label": "MWE"}
{"datasource": "Oyz's Idioms", "words": ["call", "time"], "label": "MWE"}
{"datasource": "Oyz's Idioms", "words": ["call", "to", "account"], "label": "MWE"}
{"datasource": "Oyz's Idioms", "words": ["call", "upon"], "label": "MWE"}
{"datasource": "Oyz's Idioms", "words": ["call", "down"], "label": "MWE"}
{"datasource": "Oyz's Idioms", "words": ["call", "in"], "label": "MWE"}
{"datasource": "Oyz's Idioms", "words": ["call", "in", "sick"], "label": "MWE"}
{"datasource": "Oyz's Idioms", "words": ["call", "off"], "label": "MWE"}
{"datasource": "Oyz's Idioms", "words": ["call", "out"], "label": "MWE"}
{"datasource": "Oyz's Idioms", "words": ["call", "up"], "label": "MWE"}
{"datasource": "Oyz's Idioms", "words": ["carry", "away"], "label": "MWE"}
{"datasource": "Oyz's Idioms", "words": ["carry", "off"], "label": "MWE"}
{"datasource": "Oyz's Idioms", "words": ["carry", "on"], "label": "MWE"}
{"datasource": "Oyz's Idioms", "words": ["carry", "out"], "label": "MWE"}
{"datasource": "Oyz's Idioms", "words": ["carry", "over"], "label": "MWE"}
{"datasource": "Oyz's Idioms", "words": ["carry", "through"], "label": "MWE"}
{"datasource": "Oyz's Idioms", "words": ["come", "a", "cropper"], "label": "MWE"}
{"datasource": "Oyz's Idioms", "words": ["come", "clean"], "label": "MWE"}
{"datasource": "Oyz's Idioms", "words": ["come", "into"], "label": "MWE"}
{"datasource": "Oyz's Idioms", "words": ["come", "into", "_one's_", "own"], "label": "MWE"}
{"datasource": "Oyz's Idioms", "words": ["come", "of", "age"], "label": "MWE"}
{"datasource": "Oyz's Idioms", "words": ["come", "off", "it"], "label": "MWE"}
{"datasource": "Oyz's Idioms", "words": ["come", "over"], "label": "MWE"}
{"datasource": "Oyz's Idioms", "words": ["come", "to"], "label": "MWE"}
{"datasource": "Oyz's Idioms", "words": ["come", "to", "grips", "with"], "label": "MWE"}
{"datasource": "Oyz's Idioms", "words": ["come", "to", "_oneself_"], "label": "MWE"}
{"datasource": "Oyz's Idioms", "words": ["come", "to", "pass"], "label": "MWE"}
{"datasource": "Oyz's Idioms", "words": ["come", "to", "terms"], "label": "MWE"}
{"datasource": "Oyz's Idioms", "words": ["come", "about"], "label": "MWE"}
{"datasource": "Oyz's Idioms", "words": ["come", "across"], "label": "MWE"}
{"datasource": "Oyz's Idioms", "words": ["come", "along"], "label": "MWE"}
{"datasource": "Oyz's Idioms", "words": ["come", "around"], "label": "MWE"}
{"datasource": "Oyz's Idioms", "words": ["come", "back"], "label": "MWE"}
{"datasource": "Oyz's Idioms", "words": ["come", "by"], "label": "MWE"}
{"datasource": "Oyz's Idioms", "words": ["come", "down"], "label": "MWE"}
{"datasource": "Oyz's Idioms", "words": ["come", "in"], "label": "MWE"}
{"datasource": "Oyz's Idioms", "words": ["come", "in", "for"], "label": "MWE"}
{"datasource": "Oyz's Idioms", "words": ["come", "off"], "label": "MWE"}
{"datasource": "Oyz's Idioms", "words": ["come", "on"], "label": "MWE"}
{"datasource": "Oyz's Idioms", "words": ["come", "out"], "label": "MWE"}
{"datasource": "Oyz's Idioms", "words": ["come", "out", "with"], "label": "MWE"}
{"datasource": "Oyz's Idioms", "words": ["come", "over"], "label": "MWE"}
{"datasource": "Oyz's Idioms", "words": ["come", "round"], "label": "MWE"}
{"datasource": "Oyz's Idioms", "words": ["come", "through"], "label": "MWE"}
{"datasource": "Oyz's Idioms", "words": ["come", "to"], "label": "MWE"}
{"datasource": "Oyz's Idioms", "words": ["come", "up"], "label": "MWE"}
{"datasource": "Oyz's Idioms", "words": ["come", "up", "with"], "label": "MWE"}
{"datasource": "Oyz's Idioms", "words": ["do", "a", "number", "on"], "label": "MWE"}
{"datasource": "Oyz's Idioms", "words": ["do", "away", "with"], "label": "MWE"}
{"datasource": "Oyz's Idioms", "words": ["do", "by"], "label": "MWE"}
{"datasource": "Oyz's Idioms", "words": ["do", "for"], "label": "MWE"}
{"datasource": "Oyz's Idioms", "words": ["do", "it"], "label": "MWE"}
{"datasource": "Oyz's Idioms", "words": ["do", "justice"], "label": "MWE"}
{"datasource": "Oyz's Idioms", "words": ["do", "proud"], "label": "MWE"}
{"datasource": "Oyz's Idioms", "words": ["do", "the", "trick"], "label": "MWE"}
{"datasource": "Oyz's Idioms", "words": ["do", "with"], "label": "MWE"}
{"datasource": "Oyz's Idioms", "words": ["to", "do"], "label": "MWE"}
{"datasource": "Oyz's Idioms", "words": ["do", "in"], "label": "MWE"}
{"datasource": "Oyz's Idioms", "words": ["do", "up"], "label": "MWE"}
{"datasource": "Oyz's Idioms", "words": ["draw", "a", "bead", "on"], "label": "MWE"}
{"datasource": "Oyz's Idioms", "words": ["draw", "a", "blank"], "label": "MWE"}
{"datasource": "Oyz's Idioms", "words": ["draw", "on"], "label": "MWE"}
{"datasource": "Oyz's Idioms", "words": ["draw", "straws"], "label": "MWE"}
{"datasource": "Oyz's Idioms", "words": ["draw", "the", "line"], "label": "MWE"}
{"datasource": "Oyz's Idioms", "words": ["draw", "back"], "label": "MWE"}
{"datasource": "Oyz's Idioms", "words": ["draw", "down"], "label": "MWE"}
{"datasource": "Oyz's Idioms", "words": ["draw", "in"], "label": "MWE"}
{"datasource": "Oyz's Idioms", "words": ["draw", "off"], "label": "MWE"}
{"datasource": "Oyz's Idioms", "words": ["draw", "on"], "label": "MWE"}
{"datasource": "Oyz's Idioms", "words": ["draw", "out"], "label": "MWE"}
{"datasource": "Oyz's Idioms", "words": ["draw", "up"], "label": "MWE"}
{"datasource": "Oyz's Idioms", "words": ["drive", "at"], "label": "MWE"}
{"datasource": "Oyz's Idioms", "words": ["enter", "into"], "label": "MWE"}
{"datasource": "Oyz's Idioms", "words": ["enter", "the", "lists"], "label": "MWE"}
{"datasource": "Oyz's Idioms", "words": ["at", "fault"], "label": "MWE"}
{"datasource": "Oyz's Idioms", "words": ["to", "a", "fault"], "label": "MWE"}
{"datasource": "Oyz's Idioms", "words": ["get", "a", "bead", "on"], "label": "MWE"}
{"datasource": "Oyz's Idioms", "words": ["get", "after"], "label": "MWE"}
{"datasource": "Oyz's Idioms", "words": ["get", "ahead"], "label": "MWE"}
{"datasource": "Oyz's Idioms", "words": ["get", "a", "move", "on"], "label": "MWE"}
{"datasource": "Oyz's Idioms", "words": ["get", "at"], "label": "MWE"}
{"datasource": "Oyz's Idioms", "words": ["get", "away", "with"], "label": "MWE"}
{"datasource": "Oyz's Idioms", "words": ["get", "cracking"], "label": "MWE"}
{"datasource": "Oyz's Idioms", "words": ["get", "even"], "label": "MWE"}
{"datasource": "Oyz's Idioms", "words": ["get", "even", "with"], "label": "MWE"}
{"datasource": "Oyz's Idioms", "words": ["get", "going"], "label": "MWE"}
{"datasource": "Oyz's Idioms", "words": ["get", "into"], "label": "MWE"}
{"datasource": "Oyz's Idioms", "words": ["get", "it"], "label": "MWE"}
{"datasource": "Oyz's Idioms", "words": ["get", "it", "on"], "label": "MWE"}
{"datasource": "Oyz's Idioms", "words": ["get", "on"], "label": "MWE"}
{"datasource": "Oyz's Idioms", "words": ["get", "_one's_", "act", "together"], "label": "MWE"}
{"datasource": "Oyz's Idioms", "words": ["get", "_one's_", "goat"], "label": "MWE"}
{"datasource": "Oyz's Idioms", "words": ["get", "over"], "label": "MWE"}
{"datasource": "Oyz's Idioms", "words": ["get", "somewhere"], "label": "MWE"}
{"datasource": "Oyz's Idioms", "words": ["get", "there"], "label": "MWE"}
{"datasource": "Oyz's Idioms", "words": ["get", "through"], "label": "MWE"}
{"datasource": "Oyz's Idioms", "words": ["get", "to"], "label": "MWE"}
{"datasource": "Oyz's Idioms", "words": ["get", "together"], "label": "MWE"}
{"datasource": "Oyz's Idioms", "words": ["get", "wind", "of"], "label": "MWE"}
{"datasource": "Oyz's Idioms", "words": ["get", "with", "it"], "label": "MWE"}
{"datasource": "Oyz's Idioms", "words": ["get", "about"], "label": "MWE"}
{"datasource": "Oyz's Idioms", "words": ["get", "across"], "label": "MWE"}
{"datasource": "Oyz's Idioms", "words": ["get", "along"], "label": "MWE"}
{"datasource": "Oyz's Idioms", "words": ["get", "around"], "label": "MWE"}
{"datasource": "Oyz's Idioms", "words": ["get", "back"], "label": "MWE"}
{"datasource": "Oyz's Idioms", "words": ["get", "by"], "label": "MWE"}
{"datasource": "Oyz's Idioms", "words": ["get", "down"], "label": "MWE"}
{"datasource": "Oyz's Idioms", "words": ["get", "in"], "label": "MWE"}
{"datasource": "Oyz's Idioms", "words": ["get", "off"], "label": "MWE"}
{"datasource": "Oyz's Idioms", "words": ["get", "on"], "label": "MWE"}
{"datasource": "Oyz's Idioms", "words": ["get", "out"], "label": "MWE"}
{"datasource": "Oyz's Idioms", "words": ["get", "round"], "label": "MWE"}
{"datasource": "Oyz's Idioms", "words": ["get", "through"], "label": "MWE"}
{"datasource": "Oyz's Idioms", "words": ["get", "up"], "label": "MWE"}
{"datasource": "Oyz's Idioms", "words": ["give", "a", "good", "account", "of"], "label": "MWE"}
{"datasource": "Oyz's Idioms", "words": ["give", "birth"], "label": "MWE"}
{"datasource": "Oyz's Idioms", "words": ["give", "birth", "to"], "label": "MWE"}
{"datasource": "Oyz's Idioms", "words": ["give", "chase"], "label": "MWE"}
{"datasource": "Oyz's Idioms", "words": ["give", "ground"], "label": "MWE"}
{"datasource": "Oyz's Idioms", "words": ["give", "of"], "label": "MWE"}
{"datasource": "Oyz's Idioms", "words": ["give", "or", "take"], "label": "MWE"}
{"datasource": "Oyz's Idioms", "words": ["give", "place", "to"], "label": "MWE"}
{"datasource": "Oyz's Idioms", "words": ["give", "rise", "to"], "label": "MWE"}
{"datasource": "Oyz's Idioms", "words": ["give", "the", "gun"], "label": "MWE"}
{"datasource": "Oyz's Idioms", "words": ["give", "the", "lie", "to"], "label": "MWE"}
{"datasource": "Oyz's Idioms", "words": ["give", "tongue"], "label": "MWE"}
{"datasource": "Oyz's Idioms", "words": ["give", "way"], "label": "MWE"}
{"datasource": "Oyz's Idioms", "words": ["give", "away"], "label": "MWE"}
{"datasource": "Oyz's Idioms", "words": ["give", "back"], "label": "MWE"}
{"datasource": "Oyz's Idioms", "words": ["give", "in"], "label": "MWE"}
{"datasource": "Oyz's Idioms", "words": ["give", "off"], "label": "MWE"}
{"datasource": "Oyz's Idioms", "words": ["give", "out"], "label": "MWE"}
{"datasource": "Oyz's Idioms", "words": ["give", "over"], "label": "MWE"}
{"datasource": "Oyz's Idioms", "words": ["give", "up"], "label": "MWE"}
{"datasource": "Oyz's Idioms", "words": ["give", "up", "the", "ghost"], "label": "MWE"}
{"datasource": "Oyz's Idioms", "words": ["go", "about"], "label": "MWE"}
{"datasource": "Oyz's Idioms", "words": ["go", "after"], "label": "MWE"}
{"datasource": "Oyz's Idioms", "words": ["go", "all", "the", "way"], "label": "MWE"}
{"datasource": "Oyz's Idioms", "words": ["go", "at"], "label": "MWE"}
{"datasource": "Oyz's Idioms", "words": ["go", "back", "on"], "label": "MWE"}
{"datasource": "Oyz's Idioms", "words": ["go", "begging"], "label": "MWE"}
{"datasource": "Oyz's Idioms", "words": ["go", "by", "the", "board"], "label": "MWE"}
{"datasource": "Oyz's Idioms", "words": ["go", "down", "the", "line"], "label": "MWE"}
{"datasource": "Oyz's Idioms", "words": ["go", "easy"], "label": "MWE"}
{"datasource": "Oyz's Idioms", "words": ["go", "fly", "a", "kite"], "label": "MWE"}
{"datasource": "Oyz's Idioms", "words": ["go", "for"], "label": "MWE"}
{"datasource": "Oyz's Idioms", "words": ["go", "for", "broke"], "label": "MWE"}
{"datasource": "Oyz's Idioms", "words": ["go", "great", "guns"], "label": "MWE"}
{"datasource": "Oyz's Idioms", "words": ["go", "hang"], "label": "MWE"}
{"datasource": "Oyz's Idioms", "words": ["go", "into"], "label": "MWE"}
{"datasource": "Oyz's Idioms", "words": ["go", "it"], "label": "MWE"}
{"datasource": "Oyz's Idioms", "words": ["go", "missing"], "label": "MWE"}
{"datasource": "Oyz's Idioms", "words": ["go", "one", "better"], "label": "MWE"}
{"datasource": "Oyz's Idioms", "words": ["go", "over"], "label": "MWE"}
{"datasource": "Oyz's Idioms", "words": ["go", "places"], "label": "MWE"}
{"datasource": "Oyz's Idioms", "words": ["go", "public"], "label": "MWE"}
{"datasource": "Oyz's Idioms", "words": ["go", "steady"], "label": "MWE"}
{"datasource": "Oyz's Idioms", "words": ["go", "the", "vole"], "label": "MWE"}
{"datasource": "Oyz's Idioms", "words": ["go", "through"], "label": "MWE"}
{"datasource": "Oyz's Idioms", "words": ["go", "to", "bat", "for"], "label": "MWE"}
{"datasource": "Oyz's Idioms", "words": ["go", "to", "bed", "with"], "label": "MWE"}
{"datasource": "Oyz's Idioms", "words": ["go", "to", "_one's_", "head"], "label": "MWE"}
{"datasource": "Oyz's Idioms", "words": ["go", "to", "pieces"], "label": "MWE"}
{"datasource": "Oyz's Idioms", "words": ["go", "to", "the", "mat"], "label": "MWE"}
{"datasource": "Oyz's Idioms", "words": ["go", "to", "town"], "label": "MWE"}
{"datasource": "Oyz's Idioms", "words": ["go", "with"], "label": "MWE"}
{"datasource": "Oyz's Idioms", "words": ["go", "without", "saying"], "label": "MWE"}
{"datasource": "Oyz's Idioms", "words": ["go", "with", "the", "flow"], "label": "MWE"}
{"datasource": "Oyz's Idioms", "words": ["to", "go"], "label": "MWE"}
{"datasource": "Oyz's Idioms", "words": ["go", "along"], "label": "MWE"}
{"datasource": "Oyz's Idioms", "words": ["go", "around"], "label": "MWE"}
{"datasource": "Oyz's Idioms", "words": ["go", "by"], "label": "MWE"}
{"datasource": "Oyz's Idioms", "words": ["go", "down"], "label": "MWE"}
{"datasource": "Oyz's Idioms", "words": ["go", "down", "on"], "label": "MWE"}
{"datasource": "Oyz's Idioms", "words": ["go", "in"], "label": "MWE"}
{"datasource": "Oyz's Idioms", "words": ["go", "in", "for"], "label": "MWE"}
{"datasource": "Oyz's Idioms", "words": ["go", "off"], "label": "MWE"}
{"datasource": "Oyz's Idioms", "words": ["go", "off", "the", "deep", "end"], "label": "MWE"}
{"datasource": "Oyz's Idioms", "words": ["go", "on"], "label": "MWE"}
{"datasource": "Oyz's Idioms", "words": ["go", "out"], "label": "MWE"}
{"datasource": "Oyz's Idioms", "words": ["go", "over"], "label": "MWE"}
{"datasource": "Oyz's Idioms", "words": ["go", "through"], "label": "MWE"}
{"datasource": "Oyz's Idioms", "words": ["go", "to"], "label": "MWE"}
{"datasource": "Oyz's Idioms", "words": ["go", "under"], "label": "MWE"}
{"datasource": "Oyz's Idioms", "words": ["go", "up"], "label": "MWE"}
{"datasource": "Oyz's Idioms", "words": ["go", "up", "in", "flames"], "label": "MWE"}
{"datasource": "Oyz's Idioms", "words": ["go", "up", "in", "smoke"], "label": "MWE"}
{"datasource": "Oyz's Idioms", "words": ["had", "better"], "label": "MWE"}
{"datasource": "Oyz's Idioms", "words": ["have", "at"], "label": "MWE"}
{"datasource": "Oyz's Idioms", "words": ["have", "coming"], "label": "MWE"}
{"datasource": "Oyz's Idioms", "words": ["have", "done"], "label": "MWE"}
{"datasource": "Oyz's Idioms", "words": ["have", "done", "with"], "label": "MWE"}
{"datasource": "Oyz's Idioms", "words": ["have", "had", "it"], "label": "MWE"}
{"datasource": "Oyz's Idioms", "words": ["have", "it"], "label": "MWE"}
{"datasource": "Oyz's Idioms", "words": ["have", "it", "in", "for"], "label": "MWE"}
{"datasource": "Oyz's Idioms", "words": ["have", "it", "out"], "label": "MWE"}
{"datasource": "Oyz's Idioms", "words": ["have", "none", "of"], "label": "MWE"}
{"datasource": "Oyz's Idioms", "words": ["have", "_one's_", "eye", "on"], "label": "MWE"}
{"datasource": "Oyz's Idioms", "words": ["have", "to", "do", "with"], "label": "MWE"}
{"datasource": "Oyz's Idioms", "words": ["so", "help", "me"], "label": "MWE"}
{"datasource": "Oyz's Idioms", "words": ["cannot", "but"], "label": "MWE"}
{"datasource": "Oyz's Idioms", "words": ["hold", "a", "candle", "to"], "label": "MWE"}
{"datasource": "Oyz's Idioms", "words": ["hold", "court"], "label": "MWE"}
{"datasource": "Oyz's Idioms", "words": ["hold", "forth"], "label": "MWE"}
{"datasource": "Oyz's Idioms", "words": ["hold", "hands"], "label": "MWE"}
{"datasource": "Oyz's Idioms", "words": ["hold", "_one's_", "horses"], "label": "MWE"}
{"datasource": "Oyz's Idioms", "words": ["hold", "_one's_", "own"], "label": "MWE"}
{"datasource": "Oyz's Idioms", "words": ["hold", "_one's_", "tongue"], "label": "MWE"}
{"datasource": "Oyz's Idioms", "words": ["hold", "sway"], "label": "MWE"}
{"datasource": "Oyz's Idioms", "words": ["hold", "the", "bag"], "label": "MWE"}
{"datasource": "Oyz's Idioms", "words": ["hold", "the", "fort"], "label": "MWE"}
{"datasource": "Oyz's Idioms", "words": ["hold", "the", "line"], "label": "MWE"}
{"datasource": "Oyz's Idioms", "words": ["hold", "to"], "label": "MWE"}
{"datasource": "Oyz's Idioms", "words": ["hold", "to", "account"], "label": "MWE"}
{"datasource": "Oyz's Idioms", "words": ["hold", "water"], "label": "MWE"}
{"datasource": "Oyz's Idioms", "words": ["hold", "with"], "label": "MWE"}
{"datasource": "Oyz's Idioms", "words": ["hold", "back"], "label": "MWE"}
{"datasource": "Oyz's Idioms", "words": ["hold", "down"], "label": "MWE"}
{"datasource": "Oyz's Idioms", "words": ["hold", "off"], "label": "MWE"}
{"datasource": "Oyz's Idioms", "words": ["hold", "on"], "label": "MWE"}
{"datasource": "Oyz's Idioms", "words": ["hold", "on", "to"], "label": "MWE"}
{"datasource": "Oyz's Idioms", "words": ["hold", "out"], "label": "MWE"}
{"datasource": "Oyz's Idioms", "words": ["hold", "out", "on"], "label": "MWE"}
{"datasource": "Oyz's Idioms", "words": ["hold", "over"], "label": "MWE"}
{"datasource": "Oyz's Idioms", "words": ["hold", "up"], "label": "MWE"}
{"datasource": "Oyz's Idioms", "words": ["keep", "an", "eye", "on"], "label": "MWE"}
{"datasource": "Oyz's Idioms", "words": ["keep", "at"], "label": "MWE"}
{"datasource": "Oyz's Idioms", "words": ["keep", "company"], "label": "MWE"}
{"datasource": "Oyz's Idioms", "words": ["keep", "house"], "label": "MWE"}
{"datasource": "Oyz's Idioms", "words": ["keep", "_one's_", "distance"], "label": "MWE"}
{"datasource": "Oyz's Idioms", "words": ["keep", "_one's_", "eyes", "open"], "label": "MWE"}
{"datasource": "Oyz's Idioms", "words": ["keep", "_one's_", "hand", "in"], "label": "MWE"}
{"datasource": "Oyz's Idioms", "words": ["keep", "pace"], "label": "MWE"}
{"datasource": "Oyz's Idioms", "words": ["keep", "step"], "label": "MWE"}
{"datasource": "Oyz's Idioms", "words": ["keep", "to"], "label": "MWE"}
{"datasource": "Oyz's Idioms", "words": ["keep", "to", "_oneself_"], "label": "MWE"}
{"datasource": "Oyz's Idioms", "words": ["keep", "back"], "label": "MWE"}
{"datasource": "Oyz's Idioms", "words": ["keep", "down"], "label": "MWE"}
{"datasource": "Oyz's Idioms", "words": ["keep", "up"], "label": "MWE"}
{"datasource": "Oyz's Idioms", "words": ["all", "kinds", "of"], "label": "MWE"}
{"datasource": "Oyz's Idioms", "words": ["kind", "of"], "label": "MWE"}
{"datasource": "Oyz's Idioms", "words": ["lay", "on", "the", "table"], "label": "MWE"}
{"datasource": "Oyz's Idioms", "words": ["lay", "away"], "label": "MWE"}
{"datasource": "Oyz's Idioms", "words": ["lay", "by"], "label": "MWE"}
{"datasource": "Oyz's Idioms", "words": ["lay", "down"], "label": "MWE"}
{"datasource": "Oyz's Idioms", "words": ["lay", "in"], "label": "MWE"}
{"datasource": "Oyz's Idioms", "words": ["lay", "off"], "label": "MWE"}
{"datasource": "Oyz's Idioms", "words": ["lay", "on"], "label": "MWE"}
{"datasource": "Oyz's Idioms", "words": ["lay", "out"], "label": "MWE"}
{"datasource": "Oyz's Idioms", "words": ["lay", "over"], "label": "MWE"}
{"datasource": "Oyz's Idioms", "words": ["lay", "to"], "label": "MWE"}
{"datasource": "Oyz's Idioms", "words": ["lay", "up"], "label": "MWE"}
{"datasource": "Oyz's Idioms", "words": ["let", "alone"], "label": "MWE"}
{"datasource": "Oyz's Idioms", "words": ["let", "fly"], "label": "MWE"}
{"datasource": "Oyz's Idioms", "words": ["let", "go"], "label": "MWE"}
{"datasource": "Oyz's Idioms", "words": ["let", "it", "all", "hang", "out"], "label": "MWE"}
{"datasource": "Oyz's Idioms", "words": ["let", "one", "have", "it"], "label": "MWE"}
{"datasource": "Oyz's Idioms", "words": ["let", "rip"], "label": "MWE"}
{"datasource": "Oyz's Idioms", "words": ["let", "the", "cat", "out", "of", "the", "bag"], "label": "MWE"}
{"datasource": "Oyz's Idioms", "words": ["let", "alone"], "label": "MWE"}
{"datasource": "Oyz's Idioms", "words": ["let", "down"], "label": "MWE"}
{"datasource": "Oyz's Idioms", "words": ["let", "on"], "label": "MWE"}
{"datasource": "Oyz's Idioms", "words": ["let", "out"], "label": "MWE"}
{"datasource": "Oyz's Idioms", "words": ["let", "up"], "label": "MWE"}
{"datasource": "Oyz's Idioms", "words": ["live", "it", "up"], "label": "MWE"}
{"datasource": "Oyz's Idioms", "words": ["live", "up", "to"], "label": "MWE"}
{"datasource": "Oyz's Idioms", "words": ["live", "down"], "label": "MWE"}
{"datasource": "Oyz's Idioms", "words": ["look", "after"], "label": "MWE"}
{"datasource": "Oyz's Idioms", "words": ["look", "at"], "label": "MWE"}
{"datasource": "Oyz's Idioms", "words": ["look", "down", "_one's_", "nose"], "label": "MWE"}
{"datasource": "Oyz's Idioms", "words": ["look", "for"], "label": "MWE"}
{"datasource": "Oyz's Idioms", "words": ["look", "forward"], "label": "MWE"}
{"datasource": "Oyz's Idioms", "words": ["look", "into"], "label": "MWE"}
{"datasource": "Oyz's Idioms", "words": ["look", "the", "other", "way"], "label": "MWE"}
{"datasource": "Oyz's Idioms", "words": ["look", "to"], "label": "MWE"}
{"datasource": "Oyz's Idioms", "words": ["look", "down"], "label": "MWE"}
{"datasource": "Oyz's Idioms", "words": ["look", "out"], "label": "MWE"}
{"datasource": "Oyz's Idioms", "words": ["look", "over"], "label": "MWE"}
{"datasource": "Oyz's Idioms", "words": ["look", "up"], "label": "MWE"}
{"datasource": "Oyz's Idioms", "words": ["make", "a", "face"], "label": "MWE"}
{"datasource": "Oyz's Idioms", "words": ["make", "a", "mountain", "out", "of", "a", "molehill"], "label": "MWE"}
{"datasource": "Oyz's Idioms", "words": ["make", "away", "with"], "label": "MWE"}
{"datasource": "Oyz's Idioms", "words": ["make", "believe"], "label": "MWE"}
{"datasource": "Oyz's Idioms", "words": ["make", "bold"], "label": "MWE"}
{"datasource": "Oyz's Idioms", "words": ["make", "book"], "label": "MWE"}
{"datasource": "Oyz's Idioms", "words": ["make", "common", "cause"], "label": "MWE"}
{"datasource": "Oyz's Idioms", "words": ["make", "do"], "label": "MWE"}
{"datasource": "Oyz's Idioms", "words": ["make", "ends", "meet"], "label": "MWE"}
{"datasource": "Oyz's Idioms", "words": ["make", "eyes"], "label": "MWE"}
{"datasource": "Oyz's Idioms", "words": ["make", "fun", "of"], "label": "MWE"}
{"datasource": "Oyz's Idioms", "words": ["make", "good"], "label": "MWE"}
{"datasource": "Oyz's Idioms", "words": ["make", "hay"], "label": "MWE"}
{"datasource": "Oyz's Idioms", "words": ["make", "head"], "label": "MWE"}
{"datasource": "Oyz's Idioms", "words": ["make", "it"], "label": "MWE"}
{"datasource": "Oyz's Idioms", "words": ["make", "light", "of"], "label": "MWE"}
{"datasource": "Oyz's Idioms", "words": ["make", "love"], "label": "MWE"}
{"datasource": "Oyz's Idioms", "words": ["make", "much", "of"], "label": "MWE"}
{"datasource": "Oyz's Idioms", "words": ["make", "no", "bones"], "label": "MWE"}
{"datasource": "Oyz's Idioms", "words": ["make", "_one's_", "mark"], "label": "MWE"}
{"datasource": "Oyz's Idioms", "words": ["make", "public"], "label": "MWE"}
{"datasource": "Oyz's Idioms", "words": ["make", "sail"], "label": "MWE"}
{"datasource": "Oyz's Idioms", "words": ["make", "shift"], "label": "MWE"}
{"datasource": "Oyz's Idioms", "words": ["make", "sport", "of"], "label": "MWE"}
{"datasource": "Oyz's Idioms", "words": ["make", "the", "grade"], "label": "MWE"}
{"datasource": "Oyz's Idioms", "words": ["make", "the", "most", "of"], "label": "MWE"}
{"datasource": "Oyz's Idioms", "words": ["make", "the", "scene"], "label": "MWE"}
{"datasource": "Oyz's Idioms", "words": ["make", "time"], "label": "MWE"}
{"datasource": "Oyz's Idioms", "words": ["make", "tracks"], "label": "MWE"}
{"datasource": "Oyz's Idioms", "words": ["make", "use", "of"], "label": "MWE"}
{"datasource": "Oyz's Idioms", "words": ["make", "water"], "label": "MWE"}
{"datasource": "Oyz's Idioms", "words": ["make", "waves"], "label": "MWE"}
{"datasource": "Oyz's Idioms", "words": ["make", "way"], "label": "MWE"}
{"datasource": "Oyz's Idioms", "words": ["make", "with"], "label": "MWE"}
{"datasource": "Oyz's Idioms", "words": ["make", "off"], "label": "MWE"}
{"datasource": "Oyz's Idioms", "words": ["make", "off", "with"], "label": "MWE"}
{"datasource": "Oyz's Idioms", "words": ["make", "out"], "label": "MWE"}
{"datasource": "Oyz's Idioms", "words": ["make", "over"], "label": "MWE"}
{"datasource": "Oyz's Idioms", "words": ["make", "up"], "label": "MWE"}
{"datasource": "Oyz's Idioms", "words": ["meet", "halfway"], "label": "MWE"}
{"datasource": "Oyz's Idioms", "words": ["meet", "with"], "label": "MWE"}
{"datasource": "Oyz's Idioms", "words": ["pay", "_one's_", "dues"], "label": "MWE"}
{"datasource": "Oyz's Idioms", "words": ["pay", "_one's_", "way"], "label": "MWE"}
{"datasource": "Oyz's Idioms", "words": ["pay", "the", "piper"], "label": "MWE"}
{"datasource": "Oyz's Idioms", "words": ["pay", "through", "the", "nose"], "label": "MWE"}
{"datasource": "Oyz's Idioms", "words": ["pay", "off"], "label": "MWE"}
{"datasource": "Oyz's Idioms", "words": ["pay", "up"], "label": "MWE"}
{"datasource": "Oyz's Idioms", "words": ["put", "forth"], "label": "MWE"}
{"datasource": "Oyz's Idioms", "words": ["put", "forward"], "label": "MWE"}
{"datasource": "Oyz's Idioms", "words": ["put", "in", "mind"], "label": "MWE"}
{"datasource": "Oyz's Idioms", "words": ["put", "_one's_", "finger", "on"], "label": "MWE"}
{"datasource": "Oyz's Idioms", "words": ["put", "_one's_", "foot", "down"], "label": "MWE"}
{"datasource": "Oyz's Idioms", "words": ["put", "_one's_", "foot", "in", "_one's_", "mouth"], "label": "MWE"}
{"datasource": "Oyz's Idioms", "words": ["put", "paid", "to"], "label": "MWE"}
{"datasource": "Oyz's Idioms", "words": ["put", "the", "arm", "on"], "label": "MWE"}
{"datasource": "Oyz's Idioms", "words": ["put", "the", "finger", "on"], "label": "MWE"}
{"datasource": "Oyz's Idioms", "words": ["put", "the", "make", "on"], "label": "MWE"}
{"datasource": "Oyz's Idioms", "words": ["put", "to", "bed"], "label": "MWE"}
{"datasource": "Oyz's Idioms", "words": ["put", "together"], "label": "MWE"}
{"datasource": "Oyz's Idioms", "words": ["put", "to", "it"], "label": "MWE"}
{"datasource": "Oyz's Idioms", "words": ["put", "about"], "label": "MWE"}
{"datasource": "Oyz's Idioms", "words": ["put", "across"], "label": "MWE"}
{"datasource": "Oyz's Idioms", "words": ["put", "away"], "label": "MWE"}
{"datasource": "Oyz's Idioms", "words": ["put", "by"], "label": "MWE"}
{"datasource": "Oyz's Idioms", "words": ["put", "down"], "label": "MWE"}
{"datasource": "Oyz's Idioms", "words": ["put", "down", "roots"], "label": "MWE"}
{"datasource": "Oyz's Idioms", "words": ["put", "in"], "label": "MWE"}
{"datasource": "Oyz's Idioms", "words": ["put", "off"], "label": "MWE"}
{"datasource": "Oyz's Idioms", "words": ["put", "on"], "label": "MWE"}
{"datasource": "Oyz's Idioms", "words": ["put", "out"], "label": "MWE"}
{"datasource": "Oyz's Idioms", "words": ["put", "over"], "label": "MWE"}
{"datasource": "Oyz's Idioms", "words": ["put", "through"], "label": "MWE"}
{"datasource": "Oyz's Idioms", "words": ["put", "up"], "label": "MWE"}
{"datasource": "Oyz's Idioms", "words": ["put", "up", "to"], "label": "MWE"}
{"datasource": "Oyz's Idioms", "words": ["put", "up", "with"], "label": "MWE"}
{"datasource": "Oyz's Idioms", "words": ["rule", "out"], "label": "MWE"}
{"datasource": "Oyz's Idioms", "words": ["run", "across"], "label": "MWE"}
{"datasource": "Oyz's Idioms", "words": ["run", "a", "fever"], "label": "MWE"}
{"datasource": "Oyz's Idioms", "words": ["run", "after"], "label": "MWE"}
{"datasource": "Oyz's Idioms", "words": ["run", "against"], "label": "MWE"}
{"datasource": "Oyz's Idioms", "words": ["run", "foul", "of"], "label": "MWE"}
{"datasource": "Oyz's Idioms", "words": ["run", "into"], "label": "MWE"}
{"datasource": "Oyz's Idioms", "words": ["run", "low", "on"], "label": "MWE"}
{"datasource": "Oyz's Idioms", "words": ["run", "rings", "around"], "label": "MWE"}
{"datasource": "Oyz's Idioms", "words": ["run", "riot"], "label": "MWE"}
{"datasource": "Oyz's Idioms", "words": ["run", "short"], "label": "MWE"}
{"datasource": "Oyz's Idioms", "words": ["run", "short", "of"], "label": "MWE"}
{"datasource": "Oyz's Idioms", "words": ["run", "to"], "label": "MWE"}
{"datasource": "Oyz's Idioms", "words": ["run", "upon"], "label": "MWE"}
{"datasource": "Oyz's Idioms", "words": ["run", "along"], "label": "MWE"}
{"datasource": "Oyz's Idioms", "words": ["run", "away"], "label": "MWE"}
{"datasource": "Oyz's Idioms", "words": ["run", "away", "with"], "label": "MWE"}
{"datasource": "Oyz's Idioms", "words": ["run", "down"], "label": "MWE"}
{"datasource": "Oyz's Idioms", "words": ["run", "in"], "label": "MWE"}
{"datasource": "Oyz's Idioms", "words": ["run", "off"], "label": "MWE"}
{"datasource": "Oyz's Idioms", "words": ["run", "off", "with"], "label": "MWE"}
{"datasource": "Oyz's Idioms", "words": ["run", "on"], "label": "MWE"}
{"datasource": "Oyz's Idioms", "words": ["run", "out"], "label": "MWE"}
{"datasource": "Oyz's Idioms", "words": ["run", "out", "of"], "label": "MWE"}
{"datasource": "Oyz's Idioms", "words": ["run", "out", "on"], "label": "MWE"}
{"datasource": "Oyz's Idioms", "words": ["run", "over"], "label": "MWE"}
{"datasource": "Oyz's Idioms", "words": ["run", "through"], "label": "MWE"}
{"datasource": "Oyz's Idioms", "words": ["run", "up"], "label": "MWE"}
{"datasource": "Oyz's Idioms", "words": ["set", "about"], "label": "MWE"}
{"datasource": "Oyz's Idioms", "words": ["set", "apart"], "label": "MWE"}
{"datasource": "Oyz's Idioms", "words": ["set", "aside"], "label": "MWE"}
{"datasource": "Oyz's Idioms", "words": ["set", "at"], "label": "MWE"}
{"datasource": "Oyz's Idioms", "words": ["set", "eyes", "on"], "label": "MWE"}
{"datasource": "Oyz's Idioms", "words": ["set", "foot", "in"], "label": "MWE"}
{"datasource": "Oyz's Idioms", "words": ["set", "foot", "on"], "label": "MWE"}
{"datasource": "Oyz's Idioms", "words": ["set", "forth"], "label": "MWE"}
{"datasource": "Oyz's Idioms", "words": ["set", "forward"], "label": "MWE"}
{"datasource": "Oyz's Idioms", "words": ["set", "in", "motion"], "label": "MWE"}
{"datasource": "Oyz's Idioms", "words": ["set", "_one's_", "hand", "to"], "label": "MWE"}
{"datasource": "Oyz's Idioms", "words": ["set", "_one's_", "heart", "on"], "label": "MWE"}
{"datasource": "Oyz's Idioms", "words": ["set", "_one's_", "house", "in", "order"], "label": "MWE"}
{"datasource": "Oyz's Idioms", "words": ["set", "_one's_", "sights", "on"], "label": "MWE"}
{"datasource": "Oyz's Idioms", "words": ["set", "_one's_", "teeth", "on", "edge"], "label": "MWE"}
{"datasource": "Oyz's Idioms", "words": ["set", "one", "straight"], "label": "MWE"}
{"datasource": "Oyz's Idioms", "words": ["set", "sail"], "label": "MWE"}
{"datasource": "Oyz's Idioms", "words": ["set", "store", "by"], "label": "MWE"}
{"datasource": "Oyz's Idioms", "words": ["set", "the", "stage"], "label": "MWE"}
{"datasource": "Oyz's Idioms", "words": ["set", "to", "music"], "label": "MWE"}
{"datasource": "Oyz's Idioms", "words": ["set", "upon"], "label": "MWE"}
{"datasource": "Oyz's Idioms", "words": ["set", "back"], "label": "MWE"}
{"datasource": "Oyz's Idioms", "words": ["set", "by"], "label": "MWE"}
{"datasource": "Oyz's Idioms", "words": ["set", "down"], "label": "MWE"}
{"datasource": "Oyz's Idioms", "words": ["set", "in"], "label": "MWE"}
{"datasource": "Oyz's Idioms", "words": ["set", "off"], "label": "MWE"}
{"datasource": "Oyz's Idioms", "words": ["set", "on"], "label": "MWE"}
{"datasource": "Oyz's Idioms", "words": ["set", "out"], "label": "MWE"}
{"datasource": "Oyz's Idioms", "words": ["set", "to"], "label": "MWE"}
{"datasource": "Oyz's Idioms", "words": ["set", "up"], "label": "MWE"}
{"datasource": "Oyz's Idioms", "words": ["set", "up", "housekeeping"], "label": "MWE"}
{"datasource": "Oyz's Idioms", "words": ["set", "up", "shop"], "label": "MWE"}
{"datasource": "Oyz's Idioms", "words": ["show", "_one's_", "hand"], "label": "MWE"}
{"datasource": "Oyz's Idioms", "words": ["show", "one", "the", "door"], "label": "MWE"}
{"datasource": "Oyz's Idioms", "words": ["show", "off"], "label": "MWE"}
{"datasource": "Oyz's Idioms", "words": ["show", "up"], "label": "MWE"}
{"datasource": "Oyz's Idioms", "words": ["stand", "a", "chance"], "label": "MWE"}
{"datasource": "Oyz's Idioms", "words": ["stand", "for"], "label": "MWE"}
{"datasource": "Oyz's Idioms", "words": ["stand", "on"], "label": "MWE"}
{"datasource": "Oyz's Idioms", "words": ["stand", "_one's_", "ground"], "label": "MWE"}
{"datasource": "Oyz's Idioms", "words": ["stand", "on", "_one's_", "own", "feet"], "label": "MWE"}
{"datasource": "Oyz's Idioms", "words": ["stand", "treat"], "label": "MWE"}
{"datasource": "Oyz's Idioms", "words": ["stand", "by"], "label": "MWE"}
{"datasource": "Oyz's Idioms", "words": ["stand", "down"], "label": "MWE"}
{"datasource": "Oyz's Idioms", "words": ["stand", "in"], "label": "MWE"}
{"datasource": "Oyz's Idioms", "words": ["stand", "in", "with"], "label": "MWE"}
{"datasource": "Oyz's Idioms", "words": ["stand", "off"], "label": "MWE"}
{"datasource": "Oyz's Idioms", "words": ["stand", "out"], "label": "MWE"}
{"datasource": "Oyz's Idioms", "words": ["stand", "up"], "label": "MWE"}
{"datasource": "Oyz's Idioms", "words": ["stand", "up", "for"], "label": "MWE"}
{"datasource": "Oyz's Idioms", "words": ["stand", "up", "to"], "label": "MWE"}
{"datasource": "Oyz's Idioms", "words": ["stand", "up", "with"], "label": "MWE"}
{"datasource": "Oyz's Idioms", "words": ["take", "a", "back", "seat"], "label": "MWE"}
{"datasource": "Oyz's Idioms", "words": ["take", "a", "bath"], "label": "MWE"}
{"datasource": "Oyz's Idioms", "words": ["take", "account", "of"], "label": "MWE"}
{"datasource": "Oyz's Idioms", "words": ["take", "advantage", "of"], "label": "MWE"}
{"datasource": "Oyz's Idioms", "words": ["take", "after"], "label": "MWE"}
{"datasource": "Oyz's Idioms", "words": ["take", "apart"], "label": "MWE"}
{"datasource": "Oyz's Idioms", "words": ["take", "a", "powder"], "label": "MWE"}
{"datasource": "Oyz's Idioms", "words": ["take", "care"], "label": "MWE"}
{"datasource": "Oyz's Idioms", "words": ["take", "care", "of"], "label": "MWE"}
{"datasource": "Oyz's Idioms", "words": ["take", "charge"], "label": "MWE"}
{"datasource": "Oyz's Idioms", "words": ["take", "effect"], "label": "MWE"}
{"datasource": "Oyz's Idioms", "words": ["take", "exception"], "label": "MWE"}
{"datasource": "Oyz's Idioms", "words": ["take", "five"], "label": "MWE"}
{"datasource": "Oyz's Idioms", "words": ["take", "for"], "label": "MWE"}
{"datasource": "Oyz's Idioms", "words": ["take", "for", "granted"], "label": "MWE"}
{"datasource": "Oyz's Idioms", "words": ["take", "heart"], "label": "MWE"}
{"datasource": "Oyz's Idioms", "words": ["take", "hold"], "label": "MWE"}
{"datasource": "Oyz's Idioms", "words": ["take", "into", "account"], "label": "MWE"}
{"datasource": "Oyz's Idioms", "words": ["take", "in", "vain"], "label": "MWE"}
{"datasource": "Oyz's Idioms", "words": ["take", "issue"], "label": "MWE"}
{"datasource": "Oyz's Idioms", "words": ["take", "it", "on", "the", "chin"], "label": "MWE"}
{"datasource": "Oyz's Idioms", "words": ["take", "kindly", "to"], "label": "MWE"}
{"datasource": "Oyz's Idioms", "words": ["take", "notice", "of"], "label": "MWE"}
{"datasource": "Oyz's Idioms", "words": ["take", "_one's_", "time"], "label": "MWE"}
{"datasource": "Oyz's Idioms", "words": ["take", "part"], "label": "MWE"}
{"datasource": "Oyz's Idioms", "words": ["take", "place"], "label": "MWE"}
{"datasource": "Oyz's Idioms", "words": ["take", "root"], "label": "MWE"}
{"datasource": "Oyz's Idioms", "words": ["take", "shape"], "label": "MWE"}
{"datasource": "Oyz's Idioms", "words": ["take", "stock"], "label": "MWE"}
{"datasource": "Oyz's Idioms", "words": ["take", "the", "cake"], "label": "MWE"}
{"datasource": "Oyz's Idioms", "words": ["take", "the", "count"], "label": "MWE"}
{"datasource": "Oyz's Idioms", "words": ["take", "the", "floor"], "label": "MWE"}
{"datasource": "Oyz's Idioms", "words": ["take", "to"], "label": "MWE"}
{"datasource": "Oyz's Idioms", "words": ["take", "to", "task"], "label": "MWE"}
{"datasource": "Oyz's Idioms", "words": ["take", "turns"], "label": "MWE"}
{"datasource": "Oyz's Idioms", "words": ["take", "back"], "label": "MWE"}
{"datasource": "Oyz's Idioms", "words": ["take", "down"], "label": "MWE"}
{"datasource": "Oyz's Idioms", "words": ["take", "in"], "label": "MWE"}
{"datasource": "Oyz's Idioms", "words": ["take", "off"], "label": "MWE"}
{"datasource": "Oyz's Idioms", "words": ["take", "on"], "label": "MWE"}
{"datasource": "Oyz's Idioms", "words": ["take", "out"], "label": "MWE"}
{"datasource": "Oyz's Idioms", "words": ["take", "it", "out", "on"], "label": "MWE"}
{"datasource": "Oyz's Idioms", "words": ["take", "over"], "label": "MWE"}
{"datasource": "Oyz's Idioms", "words": ["take", "up"], "label": "MWE"}
{"datasource": "Oyz's Idioms", "words": ["take", "up", "the", "cudgels"], "label": "MWE"}
{"datasource": "Oyz's Idioms", "words": ["take", "up", "with"], "label": "MWE"}
{"datasource": "Oyz's Idioms", "words": ["tell", "off"], "label": "MWE"}
{"datasource": "Oyz's Idioms", "words": ["turn", "a", "blind", "eye"], "label": "MWE"}
{"datasource": "Oyz's Idioms", "words": ["turn", "a", "deaf", "ear"], "label": "MWE"}
{"datasource": "Oyz's Idioms", "words": ["turn", "a", "hair"], "label": "MWE"}
{"datasource": "Oyz's Idioms", "words": ["turn", "color"], "label": "MWE"}
{"datasource": "Oyz's Idioms", "words": ["turn", "loose"], "label": "MWE"}
{"datasource": "Oyz's Idioms", "words": ["turn", "_one's_", "back", "on"], "label": "MWE"}
{"datasource": "Oyz's Idioms", "words": ["turn", "_one's_", "hand"], "label": "MWE"}
{"datasource": "Oyz's Idioms", "words": ["turn", "_one's_", "head"], "label": "MWE"}
{"datasource": "Oyz's Idioms", "words": ["turn", "_one's_", "stomach"], "label": "MWE"}
{"datasource": "Oyz's Idioms", "words": ["turn", "tail"], "label": "MWE"}
{"datasource": "Oyz's Idioms", "words": ["turn", "the", "other", "cheek"], "label": "MWE"}
{"datasource": "Oyz's Idioms", "words": ["turn", "the", "tables"], "label": "MWE"}
{"datasource": "Oyz's Idioms", "words": ["turn", "the", "trick"], "label": "MWE"}
{"datasource": "Oyz's Idioms", "words": ["turn", "turtle"], "label": "MWE"}
{"datasource": "Oyz's Idioms", "words": ["turn", "around"], "label": "MWE"}
{"datasource": "Oyz's Idioms", "words": ["turn", "away"], "label": "MWE"}
{"datasource": "Oyz's Idioms", "words": ["turn", "back"], "label": "MWE"}
{"datasource": "Oyz's Idioms", "words": ["turn", "back", "the", "clock"], "label": "MWE"}
{"datasource": "Oyz's Idioms", "words": ["turn", "down"], "label": "MWE"}
{"datasource": "Oyz's Idioms", "words": ["turn", "in"], "label": "MWE"}
{"datasource": "Oyz's Idioms", "words": ["turn", "off"], "label": "MWE"}
{"datasource": "Oyz's Idioms", "words": ["turn", "on"], "label": "MWE"}
{"datasource": "Oyz's Idioms", "words": ["turn", "out"], "label": "MWE"}
{"datasource": "Oyz's Idioms", "words": ["turn", "over"], "label": "MWE"}
{"datasource": "Oyz's Idioms", "words": ["turn", "over", "a", "new", "leaf"], "label": "MWE"}
{"datasource": "Oyz's Idioms", "words": ["turn", "to"], "label": "MWE"}
{"datasource": "Oyz's Idioms", "words": ["turn", "up"], "label": "MWE"}
{"datasource": "Oyz's Idioms", "words": ["turn", "up", "_one's_", "nose"], "label": "MWE"}
{"datasource": "Oyz's Idioms", "words": ["as", "well"], "label": "MWE"}
